food_resource_type,description,address,latitude,longitude,phone_number,website,food_bank_hours,meal_hours,community_fridge_hours
"[""food bank""]","Drive thru food bank only during listed hours.
","5130 Leary Ave NW, Seattle, WA 98107",47.6656752,122.3804563,206-789-7800,http://www.ballardfoodbank.org/,"{Monday: {open: ""14:00"", close: ""18:00""}, Wednesday: {open: ""12:00"", close: ""16:00""}, Thursday: {open: ""14:00"", close: ""18:00""}}",,
"[""food bank"", ""meal""]","Food bank continues on a weekly basis, and community meal is providing togo meals to anyone who needs it.","80230 Green Lake Dr N, Seattle, WA 98103",47.6873209,122.3411453,206-524-9000,http://www.churchbcc.org/greenlake/serve/localoutreach,"{Monday: {open: ""18:00"", close: ""19:00""}}","{Monday: {open: ""18:00"", close: ""19:00""}}",
"[""meal""]",Meals: Togo boxes,"5050 8th Ave NE, Seattle, WA 98105",47.6664368,122.3190289,206-547-3020,http://www.blessedsacrament.org/outreach,,"{Sunday: {open: ""12:00"", close: ""14:00""}}",
"[""food bank""]",Prepackaged grocery bags of perishable and nonperishable items. Pick up out front for social distancing,"420 E Pike St, 
Seattle, WA 
98122",47.614462,122.3258975,206-547-2885,http://www.byrdbarrplace.org/programsservices/foodbank/,"{Tuesday: {open: ""11:00"", close: ""16:00""}, Wednesday: {open: ""12:00"", close: ""16:00""}, Thursday: {open: ""10:00"", close: ""14:00""}}",,
"[""food bank"", ""meal""]",Please call ahead for pick up or delivery of a meal,"100 3rd Ave SW, Pacific, WA 98047",47.2641168,122.248845,253-929-1150,http://www.pacificwa.gov/,"{Monday: {open: ""11:00"", close: ""13:00""}}","{Tuesday: {open: ""11:00"", close: ""13:00""}, Wednesday: {open: ""11:00"", close: ""13:00""}, Thursday: {open: ""11:00"", close: ""13:00""}, Friday: {open: ""11:00"", close: ""13:00""}} ",
"[""meal""]","In order to prepare enough food and arrange for deliveries, please call ahead if possible!","808 9th St SE, Auburn, WA 98002",47.2997341,122.218084,253-931-3016,http://www.auburnwa.gov/city_hall/parks_arts_recreation/senior_activity_center,,"{Monday: {open: ""12:00"", close: ""12:30""}, Tuesday: {open: ""12:00"", close: ""12:30""}, Wednesday: {open: ""12:00"", close: ""12:30""}, Thursday: {open: ""12:00"", close: ""12:30""}, Friday: {open: ""12:00"", close: ""12:30""}} ",
"[""meal""]","Lunch is available for pick up during hours. CCS requests participants order meals one week in advance of service need if possible, but no pressure!","2045 S 216th St, Des Moines, WA 98198",47.4069514,122.3058553,206-878-1642,http://www.desmoineswa.gov/cms/one.aspx?pageId=17490998,,"{Monday: {open: ""12:00"", close: ""12:30""}, Tuesday: {open: ""12:00"", close: ""12:30""}, Wednesday: {open: ""12:00"", close: ""12:30""}, Thursday: {open: ""12:00"", close: ""12:30""}} ",
"[""meal""]","Meals handed out on a first come, first served basis. Please enter the parking lot from the entrance on 24th Avenue S. and pick up your meal in front of the Senior Program doors.","13735 24th Ave S, SeaTac, WA 98168",47.4802984,122.3038972,206-973-4686,http://www.seatacwa.gov/services/seniorprogram,,"{Tuesday: {open: ""11:45"", close: ""12:30""}, Wednesday: {open: ""11:45"", close: ""12:30""}, Thursday: {open: ""11:45"", close: ""12:30""}, Friday: {open: ""11:45"", close: ""12:30""}} ",
"[""meal""]",Hot togo meals,"75 NE Creek Way, Issaquah, WA 98027",47.5312212,122.0349418,425-392-2381,http://www.issaquahwa.gov/1744/Seniors,,"{Monday: {open: ""12:00"", close: ""12:30""}, Tuesday: {open: ""12:00"", close: ""12:30""}, Wednesday: {open: ""12:00"", close: ""12:30""}, Thursday: {open: ""12:00"", close: ""12:30""}, Friday: {open: ""12:00"", close: ""12:30""}} ",
"[""meal""]",Adults 60 and older can enjoy a delicious hot lunch for a suggested donation of $4.50 at the North Bellevue Community Center. Those under 60 pay a suggested donation of $6.50. Lunches are sponsored and prepared by Catholic Community Services staff and volunteers.,"4063 148th Ave NE, Bellevue, WA 98007",47.647434,122.1450803,425-452-7681,http://www.bellevuewa.gov/citygovernment/departments/parks/communitycenters/northbellevuecommunitycenter,,"{Monday: {open: ""12:00"", close: ""12:30""}, Tuesday: {open: ""12:00"", close: ""12:30""}, Wednesday: {open: ""12:00"", close: ""12:30""}, Thursday: {open: ""12:00"", close: ""12:30""}} ",
"[""food bank""]","The site is running an express, outdoor, walkup distribution model at the rear of the building","1501 N 45th St, Seattle, WA 98103",47.6611921,122.3389393,206-694-6722,http://www.familyworksseattle.org/foodbanks/,"{Tuesday: {open: ""12:00"", close: ""14:00""}, Thursday: {open: ""15:00"", close: ""18:00""}, Friday: {open: ""11:00"", close: ""13:00""}} ",,
"[""food bank""]",FamilyWorks Food Bank is located in the Salvation Army Greenwood location,"9501 Greenwood Ave N, Seattle, WA 98103",47.6984899,122.3557886,206-694-6722,http://www.familyworksseattle.org/foodbanks/,"{Tuesday: {open: ""15:30"", close: ""18:00""}, Wednesday: {open: ""11:00"", close: ""14:00""}}
",,
"[""food bank""]",Prepackaged grocery bags for pick up,"14812 Main St, Bellevue, WA 98007",47.6101989,122.1414751,425-869-6000,http://www.hopelink.org/needhelp/food#collapseTen,"{Tuesday: {open: ""12:00"", close: ""16:00""}, Wednesday: {open: ""15:00"", close: ""19:00""}, Thursday: {open: ""10:00"", close: ""14:00""}}",,
"[""food bank""]",Prepackaged grocery bags for pick up: drive thru only,"15305 Main St NE, Duvall, WA 98019",47.7384956,121.9874376,425-869-6000,http://www.hopelink.org/location/mobilemarket,"{Wednesday: {open: ""14:00"", close: ""15:00""}}",,
"[""food bank""]",Prepackaged grocery bags for pick up,"33415 SE 42nd Pl, Fall City, WA 98024",47.5687511,121.8939291,425-869-6000,http://www.hopelink.org/location/mobilemarket,"{Wednesday: {open: ""11:00"", close: ""12:00""}}",,
"[""food bank""]",Prepackaged grocery bags for pick up,"7504 NE Bothell Way, Kenmore, WA 98028",47.7574803,122.2403086,425-869-6000,http://www.hopelink.org/location/mobilemarket,"{Thursday: {open: ""13:00"", close: ""15:00""}}",,
"[""food bank""]",Prepackaged grocery bags for pick up,"6910 NE 170th St, Kenmore, WA 98028",47.751708,122.2484442,425-869-6000,http://www.hopelink.org/location/mobilemarket,"{Tuesday: {open: ""13:00"", close: ""14:30""}}",,
"[""food bank""]",Prepackaged grocery bags for pick up,"11011 120th Ave NE, Kirkland, WA 98033",47.6987817,122.1818137,425-869-6000,http://www.hopelink.org/needhelp/food#collapseTen,"{Tuesday: {open: ""12:00"", close: ""16:00""}, Wednesday: {open: ""15:00"", close: ""19:00""}, Thursday: {open: ""10:00"", close: ""14:00""}}",,
"[""food bank""]",Mobile Market,"14310 SE 12th St, Bellevue, WA 98007",47.600419,122.1487891,425-869-6000,http://hopelink.org/mobilemarket,"{Wednesday: {open: ""16:30"", close: ""17:30""}}",,
"[""food bank""]",Prepackaged grocery bags for pick up,"8990 154th Ave NE, Redmond, WA 98052",47.6818932,122.13423,425-869-6000,http://www.hopelink.org/needhelp/food#collapseTen,"{Tuesday: {open: ""12:00"", close: ""16:00""}, Wednesday: {open: ""15:00"", close: ""19:00""}, Thursday: {open: ""10:00"", close: ""14:00""}}",,
"[""food bank""]",Prepackaged grocery bags for pick up,"17837 Aurora Ave N, Shoreline, WA 98133",47.7588147,122.3461885,425-869-6000,http://www.hopelink.org/needhelp/food#collapseTen,"{Tuesday: {open: ""12:00"", close: ""16:00""}, Wednesday: {open: ""15:00"", close: ""19:00""}, Thursday: {open: ""10:00"", close: ""14:00""}}",,
"[""food bank""]",Prepackaged grocery bags for pick up,"31957 East Commercial St, Carnation, WA 98014",47.6488697,121.912673,425-869-6000,http://www.hopelink.org/needhelp/food#collapseTen,"{Wednesday: {open: ""15:00"", close: ""19:00""}, Thursday: {open: ""10:00"", close: ""14:00""}}
",,
"[""food bank""]",Prepackaged grocery bags for pick up,"18105 142nd Ave NE, Woodinville, WA 98072",47.758519,122.149842,425-869-6000,http://www.hopelink.org/location/mobilemarket,"{Wednesday: {open: ""13:30"", close: ""15:00""}}",,
"[""food bank""]",Prepackaged grocery bags for pick up,"18115 Campus Way NE Building CC2, Bothell, WA 98011",47.7612687,122.1918002,425-869-6000,http://www.hopelink.org/location/mobilemarket,"{Thursday: {open: ""10:30"", close: ""23:00""}}",,
"[""food bank""]",Prepackaged grocery bags for pick up,"17105 Avondale Rd NE, Woodinville, WA 98072",47.7515963,122.0819456,425-869-6000,http://www.hopelink.org/location/mobilemarket,"{Tuesday: {open: ""10:30"", close: ""11:30""}}",,
"[""food bank"", ""meal""]","Home delivery is available through website link. We also have a hygiene center is still open from 8am to 2pm on weekdays. If you are unable to leave your home & need food, please email info@icsseattleorg","1215 Thomas, Seattle, WA 98109",47.6206572,122.3321098,206-622-1930,http://www.icsseattle.org/covid19info/,"{Monday: {open: ""10:00"", close: ""13:00""}}","{Sunday: {open: ""12:00"", close: ""14:00""}}",
"[""food bank""]",Prepackaged grocery bags for pick up,"1601 16th Ave, Seattle, WA 98122",47.6155896,122.3118419,206-461-3240,http://www.jfsseattle.org/gethelp/polackfoodbank/,"{Wednesday: {open: ""10:00"", close: ""12:00""}, Thursday: {open: ""14:00"", close: ""16:00""}, Friday: {open: ""10:00"", close: ""12:00""}}",,
"[""food bank""]",Walkup distribution of prepacked food bags. No cook option available.,"12736 33rd Ave NE, Seattle, WA 98125",47.7223248,122.2918447,206-367-3477,http://www.northhelpline.org/gethelp/foodbank/,"{Wednesday: {open: ""09:00"", close: ""14:00""}, Thursday: {open: ""16:00"", close: ""19:00""}, Saturday: {open: ""09:00"", close: ""14:00""}}",,
"[""food bank""]",Walkup distribution of prepacked food bags. No cook option available.,"13000 Linden Ave N, Seattle, WA 98125",47.7242235,122.3472592,206-367-3477,http://www.northhelpline.org/gethelp/bitterlake/,"{Saturday: {open: ""09:00"", close: ""14:00""}}",,
"[""food bank""]",Ready made bags at the back entrance,"1700 S 1st Ave, Seattle, WA 98134",47.5878987,122.3337333,206-448-9277,http://www.pugetsoundlaboragency.org/foodbank.html,"{Monday: {open: ""10:00"", close: ""13:00""}, Wednesday: {open: ""10:00"", close: ""13:00""}}",,
"[""food bank""]",Ask us about Home Delivery when you see us!,"4205 Rainier Ave S, Seattle, WA 98118",47.5653236,122.2889468,206-723-4105,http://www.rvfb.org/,"{Tuesday: {open: ""09:30"", close: ""14:00""}, Wednesday: {open: ""09:30"", close: ""14:00""}, Thursday: {open: ""09:30"", close: ""14:00""}, Friday: {open: ""09:30"", close: ""14:00""}, Saturday: {open: ""09:30"", close: ""14:00""}}",,
"[""meal""]",Meals to go ,"1415 Ne 43rd St , Seattle, WA 98105",47.6592588,122.3124319,206-522-4366,http://www.rootsinfo.org/fridayfeastvolunteer,,"{Friday: {open: ""17:30"", close: ""19:00""}}",
"[""food bank"", ""meal""]","Meals: High protein sandwiches, yogurt, fruit, bread, pastries, and hot soups","232 Warren Ave N Suite B, Seattle, WA 98109",47.6206989,122.3537259,206-216-4102,http://www.sacredheartseattle.org/qafb,"{Thursday: {open: ""14:00"", close: ""16:00""}}","{Monday: {open: ""08:30"", close: ""11:30""}, Tuesday: {open: ""08:30"", close: ""11:30""}, Wednesday: {open: ""08:30"", close: ""11:30""}, Thursday: {open: ""08:30"", close: ""11:30""}, Friday: {open: ""08:30"", close: ""11:30""}}",
"[""food bank"", ""meal""]","Emergency food assistance for anyone living in the following zip codes: 98040, 98055, 98056, 98057, 98058, 98059, 98178","206 South Tobin Street, Renton,  WA 98057",47.4842805,122.2140148,425-255-5974,http://webmanager.salvationarmy.org/renton_corps/foodbank?random=492,"{Monday: {open: ""09:00"", close: ""15:30""}, Tuesday: {open: ""09:00"", close: ""15:30""}, Wednesday: {open: ""09:00"", close: ""15:30""}, Thursday: {open: ""09:00"", close: ""15:30""}}","{Monday: {open: ""09:00"", close: ""15:30""}, Tuesday: {open: ""09:00"", close: ""15:30""}, Wednesday: {open: ""09:00"", close: ""15:30""}, Thursday: {open: ""09:00"", close: ""15:30""}}",
"[""food bank"", ""meal""]","Food Bank: Bring something to transport food home in. Registration is required once per year to receive food. Please provide the following verification documents: Proof of income, verification of family size, proof of address and Photo ID.","9050 16th Avenue SW, Seattle, WA 98106",47.5215741,122.3547065,206-767-3150,http://www.tsawhitecenter.org/help.html,"{Monday: {open: ""13:00"", close: ""14:00""}, Tuesday: {open: ""13:00"", close: ""14:00""}, Wednesday: {open: ""13:00"", close: ""14:00""}, Thursday: {open: ""13:00"", close: ""14:00""}, Friday: {open: ""13:00"", close: ""14:00""}}","{Monday: {open: ""13:00"", close: ""14:00""}, Tuesday: {open: ""13:00"", close: ""14:00""}, Wednesday: {open: ""13:00"", close: ""14:00""}, Thursday: {open: ""13:00"", close: ""14:00""}, Friday: {open: ""13:00"", close: ""14:00""}}",
"[""meal""]",Meals to go ,"4515 16th Ave NE, Seattle, WA 98105",47.6617835,122.3111496,206-522-4366,http://www.teenfeed.org/programs/,,"{Sunday: {open: ""19:00"", close: ""20:00""}, Monday: {open: ""19:00"", close: ""20:00""}, Tuesday: {open: ""19:00"", close: ""20:00""}, Wednesday: {open: ""19:00"", close: ""20:00""}, Thursday: {open: ""19:00"", close: ""20:00""}, Friday: {open: ""19:00"", close: ""20:00""}, Saturday: {open: ""18:30"", close: ""19:30""}}",
"[""food bank""]",Please honor the 6 foot spaced chalk lines on the sidewalk for social distancing,"611 20th Ave S, Seattle, WA 98144",47.5972377,122.3065791,206-324-7100,http://www.thefbsm.org/services,"{Monday: {open: ""10:00"", close: ""13:00""}, Wednesday: {open: ""10:00"", close: ""13:00""}, Friday: {open: ""10:00"", close: ""13:00""}}",,
"[""food bank""]","Prepackaged grocery bags of perishable and nonperishable items during Food Bank hours.
Please bring photo ID on each visit.","5017 Roosevelt Way NE, Seattle, WA 98105",47.6655387,122.3178395,206-523-7060,http://www.udistrictfoodbank.org/,"{Monday: {open: ""09:00"", close: ""14:45""}, Tuesday: {open: ""11:00"", close: ""19:45""}, Thursday: {open: ""11:00"", close: ""19:45""}, Friday: {open: ""11:00"", close: ""15:45""}}",,
"[""food bank""]",Distributing boxes or bags that are packed based on guests' needs,"7101  62nd Ave NE, Seattle, WA 98115",47.6805765,122.262898,206-523-7060,http://www.udistrictfoodbank.org/services/magnusonparkcommunityfoodpantry/,"{Wednesday: {open: ""11:00"", close: ""14:00""}}",,
"[""food bank""]",Call first to ensure resources: 206.932.9023,"3419 SW Morgan Street, Seattle, WA 98126",47.5444292,122.3758291,206-932-9023,http://www.westseattlefoodbank.org/,"{Tuesday: {open: ""10:00"", close: ""14:00""}, Wednesday: {open: ""12:00"", close: ""19:00""}, Thursday: {open: ""10:00"", close: ""14:00""}, Friday: {open: ""10:00"", close: ""14:00""}}",,
"[""food bank""]",Appointment required! Bring ID  and proof of address.,"10829 8th Ave SW, Seattle, WA 98146",47.5054821,122.3452308,206-762-2848,http://www.whitecenterfoodbank.org/servicehours,"{Monday: {open: ""12:00"", close: ""15:30""}, Wednesday: {open: ""10:00"", close: ""13:30""}, Thursday: {open: ""10:00"", close: ""13:30""}, Friday: {open: ""10:00"", close: ""13:30""}}",,
"[""food bank""]","Delivery of 24lb grocery boxes, apples and lunch boxes to persons living in King County who were formerly incarcerated. Sign up using online form found on website.",,47.669121,122.381152,206-732-2590,http://www.prisonscholars.org/foodboxes/,,,
"[""meal""]",grab & go meals,"300 Rainier Ave N, Renton, WA 98059",47.4873486,122.217794,425-277-7582,http://www.reachrenton.org/reachmealcoalition.html,,"{Sunday: {open: ""17:30"", close: ""19:00""}, Monday: {open: ""08:00"", close: ""10:00""}, Tuesday: {open: ""08:00"", close: ""10:00""}, Wednesday: {open: ""08:00"", close: ""10:00""}, Thursday: {open: ""08:00"", close: ""10:00""}, Friday: {open: ""17:30"", close: ""19:00""}, Saturday: {open: ""17:30"", close: ""19:00""}}",
"[""meal""]","Required Documents. Photo I.D., Utility or phone bill with current address","720 S Tobin St, Renton, WA 98057",47.4839337,122.2072343,425-255-5974,,,"{Monday: {open: ""17:30"", close: ""18:30""}, Tuesday: {open: ""17:30"", close: ""18:30""}, Wednesday: {open: ""17:30"", close: ""18:30""}, Thursday: {open: ""17:30"", close: ""18:30""}}",
"[""meal""]","Also have free hot showers, laundry service, hygiene supplies, some camping supplies & clothing as well as support applying for food benefits and cell phones.","38625 SE River St, Snoqualmie, WA 98065",47.5266927,121.8255624,425-773-2874,http://www.svshelterservices.org/resourcecenter.html,,"{Sunday: {open: ""13:00"", close: ""16:00""}, Monday: {open: ""13:00"", close: ""16:00""}, Tuesday: {open: ""13:00"", close: ""16:00""}, Wednesday: {open: ""13:00"", close: ""16:00""}, Thursday: {open: ""13:00"", close: ""16:00""}}",
"[""meal""]","Free Community Meals available for anyone. Pick up perishable food items, as they remain, available beginning at 4 PM on Wednesdays.

Little Free Pantry, outside of the church, is available to all","4851 Tolt Ave, Carnation, WA 98014",47.6505667,121.9128635,425-333-4254,http://toltucc.org/,,"{Wednesday: {open: ""16:00"", close: ""18:00""}}","{Wednesday: {open: ""05:00"", close: ""23:00""}}"
"[""meal""]",Limited Meals on Wheels Delivery for Tukwila Residents only. Call 206-4485-767 to sign up.,"12424 42nd Ave S, Tukwila, WA 98168",47.4910151,122.2785589,206-768-2822,http://www.tukwilawa.gov/departments/parksandrecreation/,,"{Sunday: {open: ""19:00"", close: ""20:00""}, Monday: {open: ""19:00"", close: ""20:00""}, Tuesday: {open: ""19:00"", close: ""20:00""}, Wednesday: {open: ""19:00"", close: ""20:00""}, Thursday: {open: ""19:00"", close: ""20:00""}, Friday: {open: ""19:00"", close: ""20:00""}, Saturday: {open: ""18:30"", close: ""19:30""}}",
"[""meal""]",Contact agency for any eligibility requirements,"1710 11th Ave, Seattle, WA 98122",47.6168246,122.3177102,206-972-2524,http://www.communitylunch.org/about1,,"{Tuesday: {open: ""12:00"", close: ""13:00""}, Wednesday: {open: ""12:00"", close: ""13:00""}, Thursday: {open: ""12:00"", close: ""13:00""}, Friday: {open: ""12:00"", close: ""13:00""}}",
"[""meal""]",Contact agency for any eligibility requirements,"500 Broadway E, Seattle, WA 98102",47.62336,122.3203771,206-972-2524,http://www.communitylunch.org/about1,,"{Monday: {open: ""12:00"", close: ""13:00""}, Tuesday: {open: ""12:00"", close: ""13:00""}, Wednesday: {open: ""12:00"", close: ""13:00""}, Thursday: {open: ""12:00"", close: ""13:00""}, Friday: {open: ""12:00"", close: ""13:00""}}",
"[""meal""]","Please call ahead for availability, if possible","1528 Valentine Pl S, Seattle, WA 98144",47.5888499,122.3070989,206-722-9372,http://www.filcommsea.org/index.php/programs/,,"{Monday: {open: ""11:30"", close: ""13:00""}, Tuesday: {open: ""11:30"", close: ""13:00""}, Thursday: {open: ""11:30"", close: ""13:00""}}",
"[""meal""]","Please call ahead for availability, if possible","22010 SE 248th St, Maple Valley, WA 98038",47.380747,122.0477423,425-432-1272,http://www.maplevalleycc.org/,,"{Monday: {open: ""12:00"", close: ""12:30""}, Wednesday: {open: ""12:00"", close: ""12:30""}, Friday: {open: ""12:00"", close: ""12:30""}}",
"[""meal""]",Distributing sack lunches.,"25213 116th AVE SE, Kent, WA 98030",47.3755391,122.1875964,253-852-3883,http://www.kentsda.org/,,"{Saturday: {open: ""16:30"", close: ""17:00""}}",
"[""meal""]",Please call ahead for availability,"31635 23rd Ave S, Federal Way, WA 98003",47.3180788,122.3043065,253-536-3020,http://www.kwacares.org/,,"{Monday: {open: ""10:00"", close: ""13:00""}, Wednesday: {open: ""10:00"", close: ""13:00""}, Friday: {open: ""10:00"", close: ""13:00""}}",
"[""food bank""]",Disbributing  food vouchers to redeem at Ken's ethnic grocery stores. Please call 253- 2273143 or email info@livingwellkent.org to make an appointment.,"24604 104th ave SE, Kent, WA 98030",47.3813694,122.2015809,425-466-7018,http://www.livingwellkent.org,"{Monday: {open: ""12:00"", close: ""14:00""}, Wednesday: {open: ""12:00"", close: ""14:00""}}",,
"[""meal""]",Call ahead to preregister for a week's worth of lunches. ,"411 Main Ave S, North Bend, WA 98045",47.4928162,121.7885425,425-888-3434,http://www.mtsiseniorcenter.org/,,"{Tuesday: {open: ""12:00"", close: ""13:00""}, Thursday: {open: ""12:00"", close: ""13:00""}}",
"[""meal""]",Please contact us to place order and confirm pickup time so we can be prepared to meet you outside.,"2524 Beacon Ave S, Seattle, WA 98144",47.5803727,122.3127166,206-708-6871,http://www.musangseattle.com/communitykitchen,,"{Monday: {open: ""12:00"", close: ""16:00""}, Tuesday: {open: ""12:00"", close: ""16:00""}}",
"[""meal""]",Box lunch program,"19300 108th Ave SE, Kent, WA 98031",47.428904,122.1954886,425-282-6220,http://thenbcf.org/,,"{Saturday: {open: ""13:00"", close: ""14:00""}}",
"[""meal""]",Free Vegetarian Food Truck,"5031 University Way NE, Seattle, WA 98105",47.666133,122.3137458,206-527-4278,http://www.uheightscenter.org/coronavirus,,"{Sunday: {open: ""18:00"", close: ""20:00""}, Wednesday: {open: ""18:00"", close: ""20:00""}, Friday: {open: ""18:00"", close: ""20:00""}, Saturday: {open: ""18:00"", close: ""20:00""}}",
"[""food bank"", ""meal""]",Prepackaged grocery bags for pick up,"16540 NE 80th St, Redmond, WA 98052",47.675118,122.120025,425-883-7553,http://www.facebook.com/redmondchurch/,"{Wednesday: {open: ""17:00"", close: ""18:00""}}","{Wednesday: {open: ""17:00"", close: ""19:00""}}",
"[""meal""]",The senior center's dropin lunch program now features sack lunches. They will be available for drive through pickup Monday through Friday at noon,"211 Burnett Ave N, Renton, WA 98057",47.4861262,122.2077373,425-430-6633,http://www.rentonwa.gov/cms/one.aspx?pageId=8715840,,"{Monday: {open: ""11:30"", close: ""12:00""}, Tuesday: {open: ""11:30"", close: ""12:00""}, Wednesday: {open: ""11:30"", close: ""12:00""}, Thursday: {open: ""11:30"", close: ""12:00""}, Friday: {open: ""11:30"", close: ""12:00""}}",
"[""meal""]",Please send an email to packersina@gmail.com for more information!,"9001 9th Ave SW, Seattle, WA 98106",47.5225031,122.3471612,206-727-6248,http://www.soundgenerations.org/ourprograms/foodsecurity/communitydining/,,"{Monday: {open: ""10:00"", close: ""13:00""}, Tuesday: {open: ""10:00"", close: ""13:00""}, Wednesday: {open: ""10:00"", close: ""13:00""}, Friday: {open: ""10:00"", close: ""13:00""}}",
"[""meal""]","Please call ahead for availability, if possible","5513 S Cloverdale St, Seattle, WA 98118",47.5261434,122.2624573,206-727-6248,http://www.soundgenerations.org/ourprograms/foodsecurity/communitydining/,,"{Monday: {open: ""11:30"", close: ""12:00""}, Tuesday: {open: ""11:30"", close: ""12:00""}, Wednesday: {open: ""11:30"", close: ""12:00""}, Thursday: {open: ""11:30"", close: ""12:00""}, Friday: {open: ""11:30"", close: ""12:00""}}",
"[""meal""]","Seniors 60+; or Spouse of senior, or any disabled adult.  Under 60? Please pay $10","7301 Beacon Ave , Seattle, WA 98108",47.5364556,122.2934033,206-727-6248,http://www.soundgenerations.org/ourprograms/foodsecurity/communitydining/,,"{Tuesday: {open: ""11:30"", close: ""12:00""}}",
"[""meal""]","Please call ahead for availability and ask for Jamie Clark. Seniors 60+; or Spouse of senior, or any disabled adult.  Under 60? Please pay $10","4655 South Holly Street, Seattle, WA 98118",47.5422737,122.2729875,206-722-0317,http://www.soundgenerations.org/ourprograms/foodsecurity/communitydining/,,"{Monday: {open: ""11:45"", close: ""12:30""}, Tuesday: {open: ""11:45"", close: ""12:30""}, Wednesday: {open: ""11:45"", close: ""12:30""}, Thursday: {open: ""11:45"", close: ""12:30""}, Friday: {open: ""11:45"", close: ""12:30""}}",
"[""meal""]",Please call ahead for availability. Limited delivery available,"500 30th Ave S, Seattle, WA 98144",47.597467,122.2932771,206-726-4926,http://www.soundgenerations.org/ourprograms/foodsecurity/communitydining/,,"{Monday: {open: ""12:00"", close: ""13:00""}, Tuesday: {open: ""12:00"", close: ""13:00""}, Wednesday: {open: ""12:00"", close: ""13:00""}, Thursday: {open: ""12:00"", close: ""13:00""}, Friday: {open: ""12:00"", close: ""13:00""}}",
"[""meal""]",Only providing meals to their residents at this time.,"221 18th Ave S, Seattle, WA 98144",47.6003875,122.3092827,206-322-4550,http://www.soundgenerations.org/ourprograms/foodsecurity/communitydining/,,"{Monday: {open: ""11:00"", close: ""12:00""}, Tuesday: {open: ""11:00"", close: ""12:00""}, Wednesday: {open: ""11:00"", close: ""12:00""}, Thursday: {open: ""11:00"", close: ""12:00""}, Friday: {open: ""11:00"", close: ""12:00""}}",
"[""meal""]","Meals on Wheels available, and call the day before to order the next days meal","4610 Stephens Ave, Carnation, WA 98014",47.6488782,121.914727,425-333-4152,http://www.snovalleysenior.org/,,"{Monday: {open: ""12:00"", close: ""13:00""}, Tuesday: {open: ""12:00"", close: ""13:00""}, Wednesday: {open: ""12:00"", close: ""13:00""}, Thursday: {open: ""12:00"", close: ""13:00""}, Friday: {open: ""12:00"", close: ""13:00""}}",
"[""meal""]","Lunch takeoutpick up meals are to be picked up at the center front door on a first come first served basis, and delivery is available in the area on Tuesday and Thursdays","5429 32nd NW, Seattle, WA 98017",47.6684176,122.3987072,206-297-0403,http://www.soundgenerations.org/ourprograms/foodsecurity/communitydining/,,"{Monday: {open: ""12:00"", close: ""13:00""}, Tuesday: {open: ""12:00"", close: ""13:00""}, Wednesday: {open: ""12:00"", close: ""13:00""}, Thursday: {open: ""12:00"", close: ""13:00""}}",
"[""meal""]","Seniors 60+; or Spouse of senior, or any disabled adult.  Under 60? Please pay $10","525 N 85th Street, Seattle, WA 98103",47.6904002,122.3509931,206-297-0875,http://www.soundgenerations.org/ourprograms/foodsecurity/communitydining/,,"{Tuesday: {open: ""11:00"", close: ""18:00""}, Wednesday: {open: ""12:00"", close: ""12:45""}, Friday: {open: ""12:00"", close: ""12:45""}}",
"[""meal""]",Monday and Wednesday meals provided by Bounce Back.,"12531 28th Ave NE, Seattle, WA 98125",47.7203524,122.2981048,206-707-1865,http://www.soundgenerations.org/ourprograms/foodsecurity/communitydining/,,"{Monday: {open: ""12:00"", close: ""13:30""}, Wednesday: {open: ""12:00"", close: ""13:30""}, Friday: {open: ""12:00"", close: ""13:30""}}",
"[""meal""]",To go or hot meals are available for pick up or delivery (delivery is limited),"18560 1st Ave NE # 1, Shoreline, WA 98155",47.7656663,122.3291856,206-365-1536,http://www.shorelinelfpseniorcenter.org/,,"{Monday: {open: ""11:45"", close: ""12:15""}, Tuesday: {open: ""11:45"", close: ""12:15""}, Wednesday: {open: ""11:45"", close: ""12:15""}, Thursday: {open: ""11:45"", close: ""12:15""}, Friday: {open: ""11:45"", close: ""12:15""}}",
"[""meal""]",Summer Food Program: Walk up for meals,"917 E Yesler Way, Seattle, WA 98122",47.60151,122.3202219,206-727-6248,http://www.soundgenerations.org/ourprograms/foodsecurity/communitydining/,,"{Monday: {open: ""09:00"", close: ""15:00""}, Tuesday: {open: ""09:00"", close: ""15:00""}, Wednesday: {open: ""09:00"", close: ""15:00""}, Thursday: {open: ""11:45"", close: ""13:30""}, Friday: {open: ""12:00"", close: ""15:00""}, Saturday: {open: ""11:45"", close: ""13:30""}}",
"[""meal""]",Just walk up to get food,"10510 5th Ave NE, Seattle, WA 98125",47.7054887,122.3221733,206-727-6248,http://www.soundgenerations.org/ourprograms/foodsecurity/communitydining/,,"{Monday: {open: ""09:00"", close: ""15:00""}, Tuesday: {open: ""12:00"", close: ""13:00""}, Wednesday: {open: ""09:00"", close: ""15:00""}, Thursday: {open: ""11:45"", close: ""13:30""}, Friday: {open: ""09:00"", close: ""11:00""}, Saturday: {open: ""11:45"", close: ""13:30""}}",
"[""meal""]",Dinner service is from 16:00  4:30 pm. Togo meals are served or eat indoors with limited seating capacity.,"803 Terry Ave , Seattle, WA 98104",47.607646,122.3259157,206-622-3559,http://www.stjamescathedral.org/outreach/kitchen.aspx,,"{Monday: {open: ""16:00"", close: ""16:30""}, Tuesday: {open: ""16:00"", close: ""16:30""}}, Wednesday: {open: ""16:00"", close: ""16:30""}}, Thursday: {open: ""16:00"", close: ""16:30""}}, Friday: {open: ""16:00"", close: ""16:30""}}, Sunday: {open: ""07:00"", close: ""08:00""}}",
"[""meal""]",Please wear masks.,"5710 22nd Ave NW, Seattle, WA 98107",47.6704008,122.3844742,206-784-3119,http://www.stlukesseattle.org/,,"{Monday: {open: ""09:00"", close: ""12:00""}, Tuesday: {open: ""09:00"", close: ""12:00""}, Wednesday: {open: ""09:00"", close: ""12:00""}, Thursday: {open: ""09:00"", close: ""12:00""}, Friday: {open: ""09:00"", close: ""12:00""}}",
"[""meal""]",Grabandgo meals are provided for those that are in need on Vashon.,"17928 Vashon Hwy SW, Vashon, WA, 98070",47.444043,122.4602001,206-643-5169,http://www.stlukesseattle.org/,,"{Sunday: {open: ""17:30"", close: ""20:00""}, Monday: {open: ""17:30"", close: ""20:00""}, Tuesday: {open: ""17:30"", close: ""20:00""}, Wednesday: {open: ""17:30"", close: ""20:00""}, Thursday: {open: ""17:30"", close: ""20:00""}, Friday: {open: ""17:30"", close: ""20:00""}}",
"[""meal""]",Serving inhousing dining. Please wear a mask as you enter the building. Social distancing is a must. No showers available.,"3807 Reith Road, Kent, WA 98032",47.3692477,122.2844903,253-852-1044,http://www.facebook.com/JesusatTrinity/,,"{Wednesday: {open: ""17:00"", close: ""17:30""}}",
"[""meal""]",Please call ahead for availability,"1430 S 330th St, Federal Way, WA 98003",47.3067079,122.3154071,425-430-8229,http://uccwa.org/,,"{Thursday: {open: ""10:00"", close: ""14:30""}}",
"[""meal""]",This information is for the work Iraqi Community Center is doing: Please contact them for home delivery needs,"11010 SE 248th St, Kent, WA 98030",47.3811974,122.1937157,253-243-7744,http://uccwa.org/,,"{Sunday: {open: ""17:30"", close: ""20:00""}, Monday: {open: ""17:30"", close: ""20:00""}, Tuesday: {open: ""17:30"", close: ""20:00""}, Wednesday: {open: ""17:30"", close: ""20:00""}, Thursday: {open: ""17:30"", close: ""20:00""}, Friday: {open: ""17:30"", close: ""20:00""}}",
"[""meal""]",Delivers grocery bags to clients,"13470 Martin Luther King Jr Way S #5210, Seattle, WA 98178",47.7240367,122.3486525,425-430-8229,http://uccwa.org/,,"{Tuesday: {open: ""10:30"", close: ""14:00""}, Thursday: {open: ""10:30"", close: ""14:00""}}",
"[""meal""]",Services are for participants of the program but will not turn away someone that needs assistance.,"9010 13th Ave NW, Seattle, WA 98117",47.6946156,122.3723726,206-285-4425,http://www.unitedindians.org/,,"{Wednesday: {open: ""10:00"", close: ""15:00""}}",
"[""meal""]",Ask us about Home Delivery when you see us!,"850 Central Avenue N, Kent, WA 98032",47.3901637,122.2304706,253-856-5000,http://www.kentwa.gov/Home/Components/FacilityDirectory/FacilityDirectory/250/318,,"{Thursday: {open: ""10:00"", close: ""18:00""}}",
"[""meal""]","Emergency Food and Meal Delivery: 
Call Jo Pullen: 206-774-2420","6924 42nd Ave S , Seattle, WA 98118",47.5400001,122.2803173,206-695-7510,http://www.acrs.org/services/agingservicesforolderadults/seniorlunchprograms/,,"{Wednesday: {open: ""10:30"", close: ""14:00""}, Friday: {open: ""10:30"", close: ""14:00""}}",
"[""meal""]","Emergency Food and Meal Delivery: 
Call Jo Pullen: 206-774-2420","4620 SW Graham Street, Seattle, WA 98136",47.546979,122.3922666,206-695-7510,http://www.acrs.org/services/agingservicesforolderadults/seniorlunchprograms/,,"{Wednesday: {open: ""10:30"", close: ""14:00""}, Friday: {open: ""10:30"", close: ""14:00""}}",
"[""meal""]","Emergency Food and Meal Delivery: 
Call Jo Pullen: 206-774-2420","5740 Martin Luther King Jr Way S, Seattle, WA 98118",47.5500465,122.2871358,206-695-7510,http://www.acrs.org/services/agingservicesforolderadults/seniorlunchprograms/,,"{Wednesday: {open: ""11:30"", close: ""13:00""}, Friday: {open: ""11:30"", close: ""13:00""}}",
"[""meal""]","Emergency Food and Meal Delivery: 
Call Jo Pullen: 206-774-2420","3639 Martin Luther King Jr Way S, Seattle, WA 98144",47.570897,122.2973881,206-695-7510,http://www.acrs.org/services/agingservicesforolderadults/seniorlunchprograms/,,"{Monday: {open: ""11:30"", close: ""13:00""}, Tuesday: {open: ""11:30"", close: ""13:00""}, Wednesday: {open: ""11:30"", close: ""13:00""}, Thursday: {open: ""11:30"", close: ""13:00""}, Friday: {open: ""11:30"", close: ""13:00""}}",
"[""meal""]","Emergency Food and Meal Delivery: 
Call Jo Pullen: 206-774-2420","2121 26th Ave S, Seattle, WA 98144",47.5842083,122.2996639,206-695-7510,http://www.acrs.org/services/agingservicesforolderadults/seniorlunchprograms/,,"{Tuesday: {open: ""12:00"", close: ""13:00""}, Friday: {open: ""12:00"", close: ""13:00""}}",
"[""meal""]","Emergency Food and Meal Delivery: 
Call Jo Pullen: 206-774-2420","2323 E Cherry St, Seattle, WA 98112",47.6076951,122.3021127,206-695-7510,http://www.acrs.org/services/agingservicesforolderadults/seniorlunchprograms/,,"{Tuesday: {open: ""12:00"", close: ""13:00""}, Friday: {open: ""12:00"", close: ""13:00""}}",
"[""meal""]","Emergency Food and Meal Delivery: 
Call Jo Pullen: 206-774-2420","330 19th Ave E, Seattle, WA 98122",47.6219158,122.3069784,206-695-7510,http://www.acrs.org/services/agingservicesforolderadults/seniorlunchprograms/,,"{Tuesday: {open: ""12:00"", close: ""13:00""}, Friday: {open: ""12:00"", close: ""13:00""}}",
"[""meal""]","Temporarily closed dropin services and instead are offering meals, hygiene, clothing, and supplies through our front door and are allowing people to enter through the back door one at a time to use the restroom.","8914 Aurora Ave N, Seattle, WA 98103",47.6938816,122.3442384,206-299-2278,http://www.auroracommons.org/,,"{Monday: {open: ""10:00: close: ""13:00""}, Tuesday: {open: ""10:00"": close: ""13:00""}, Wednesday: {open: ""10:00"": close: ""13:00""}, Thursday: {open: ""10:00"": close: ""13:00""}}",
"[""meal""]","Hot meals, fresh fruit and drinks everyday in to go containers","97 South Main Street, Seattle, WA 98104",47.5999268,122.334605,206-682-3579,http://www.breadoflifemission.org/ourprograms,,"{Monday: {open: ""12:15"", close: ""19:45""}, Tuesday: {open: ""12:15"", close: ""19:45""}, Wednesday: {open: ""12:15"", close: ""19:45""}, Thursday: {open: ""12:15"", close: ""19:45""}, Friday: {open: ""12:15"", close: ""19:45""}}",
"[""meal""]",Open 7 days a week.,"2329 Rainier Ave S, Seattle, WA 98144",47.5822614,122.3015923,206-623-7219,http://www.ccsww.org/gethelp/shelterhomelessservices/lazaruscenter/,,"{Sunday: {open: ""08:00"", close: ""14:00""}, Monday: {open: ""08:00"", close: ""14:00""}, Tuesday: {open: ""08:00"", close: ""14:00""}, Wednesday: {open: ""08:00"", close: ""14:00""}, Thursday: {open: ""08:00"", close: ""14:00""}, Friday: {open: ""08:00"", close: ""14:00""}, Saturday: {open: ""08:00"", close: ""14:00""}}",
"[""meal""]",Grab'n'Go meals for kids and teens. Food does not need to be eaten on site and can be picked up by parents. 2 days of meals given on both Monday and Wednesday; weekend meals given on Friday. Meals distributed by door at lower level of Des Moines United Methodist Church,"22225 9th Ave S, Des Moines, WA  98198",47.4022373,122.3246258,206-878-2660,http://www.myfoodbank.org/mealsforkids.html,,"{Monday: {open: ""8:30"", close: ""12:15""}, Wednesday: {open: ""8:30"", close: ""12:15""}, Friday: {open: ""8:30"", close: ""12:15""}}",
"[""meal""]",Grab'n'Go meals for kids and teens at 8 sites. Food does not need to be eaten on site and can be picked up by parents.,"S 221st St & 29th Ave S, Des Moines, WA 98198",47.4036369,122.2982037,206-878-2660,http://www.myfoodbank.org/mealsforkids.html,,"{Monday: {open: ""12:30"", close: ""12:50""}, Tuesday: {open: ""12:30"", close: ""12:50""}, Wednesday: {open: ""12:30"", close: ""12:50""}, Thursday: {open: ""12:30"", close: ""12:50""}, Friday: {open: ""12:30"", close: ""12:50""}}",
"[""meal""]",Grab'n'Go meals for kids and teens at 8 sites. Food does not need to be eaten on site and can be picked up by parents.,"3725 S 180th St, SeaTac, WA  98188",47.4409849,122.2885294,206-878-2660,http://www.myfoodbank.org/mealsforkids.html,,"{Monday: {open: ""12:20"", close: ""12:40""}, Tuesday: {open: ""12:20"", close: ""12:40""}, Wednesday: {open: ""12:20"", close: ""12:40""}, Thursday: {open: ""12:20"", close: ""12:40""}, Friday: {open: ""12:20"", close: ""12:40""}}",
"[""meal""]",Grab'n'Go meals for kids and teens at 8 sites. Food does not need to be eaten on site and can be picked up by parents.,"3002 32nd Ave S, SeaTac, WA 98188",47.444696,122.2941207,206-878-2660,http://www.myfoodbank.org/mealsforkids.html,,"{Monday: {open: ""12:00"", close: ""12:15""}, Tuesday: {open: ""12:00"", close: ""12:15""}, Wednesday: {open: ""12:00"", close: ""12:15""}, Thursday: {open: ""12:00"", close: ""12:15""}, Friday: {open: ""12:00"", close: ""12:15""}}",
"[""meal""]",Grab'n'Go meals for kids and teens at 8 sites. Food does not need to be eaten on site and can be picked up by parents.,"17229 32nd Ave S, SeaTac, WA 98188",47.448479,122.2956636,206-878-2660,http://www.myfoodbank.org/mealsforkids.html,,"{Monday: {open: ""12:00"", close: ""12:10""}, Tuesday: {open: ""12:00"", close: ""12:10""}, Wednesday: {open: ""12:00"", close: ""12:10""}, Thursday: {open: ""12:00"", close: ""12:10""}, Friday: {open: ""12:00"", close: ""12:10""}}",
"[""meal""]",Grab'n'Go meals for kids and teens at 8 sites. Food does not need to be eaten on site and can be picked up by parents.,"19408 International Blvd, SeaTac, WA 98188",47.428387,122.29534,206-878-2660,http://www.myfoodbank.org/mealsforkids.html,,"{Monday: {open: ""12:00"", close: ""15:00""}, Tuesday: {open: ""12:00"", close: ""15:00""},  Wednesday: {open: ""12:00"", close: ""15:00""}, Thursday: {open: ""12:00"", close: ""15:00""}, Friday: {open: ""12:00"", close: ""15:00""}}",
"[""meal""]",Grab'n'Go meals for kids and teens at 8 sites. Food does not need to be eaten on site and can be picked up by parents.,"22307 Dock Ave S, Des Moines, WA 98198",,,206-878-2660,http://www.myfoodbank.org/mealsforkids.html,,"{Saturday: {open: ""09:00"", close: ""14:00""}}",
"[""meal""]",Grab'n'Go meals for kids and teens at 8 sites. Food does not need to be eaten on site and can be picked up by parents.,"S 166th St & 37th Ave S, SeaTac, WA 98188",,,206-878-2660,http://www.myfoodbank.org/mealsforkids.html,,"{Monday: {open: ""11:30"", close: ""11:50""}, Tuesday: {open: ""11:30"", close: ""11:50""}, Wednesday: {open: ""11:30"", close: ""11:50""}, Thursday: {open: ""11:30"", close: ""11:50""}, Friday: {open: ""11:30"", close: ""11:50""}}",
"[""meal""]",Grab'n'Go meals for kids and teens at 8 sites. Food does not need to be eaten on site and can be picked up by parents.,Redondo Beach Dr S and Redondo Way S,,,206-878-2660,http://www.myfoodbank.org/mealsforkids.html,,"{Monday: {open: ""13:00"", close: ""14:30""}, Tuesday: {open: ""13:00"", close: ""14:30""}, Wednesday: {open: ""13:00"", close: ""14:30""}, Thursday: {open: ""13:00"", close: ""14:30""}, Friday: {open: ""13:00"", close: ""14:30""}}",
"[""meal""]","During this COVID 19 crisis, food is only being provided in lunch bags which is distributed outside.","33645 20th Ave S, Federal Way, WA 98003",47.2987135,122.3086459,253-661-0505,http://www.fwccn.org/services.html,,"{Monday: {open: ""17:30"", close: ""18:30""}}",
"[""meal""]","Early arrival (1530 minutes) is recommended 
Distributing cold/shelfstable nocook meals
Distributing prepacked boxes or bags outside.","345 S 312th St, Federal Way, WA 98003",47.3221136,122.330177,253-661-0505,http://www.fwccn.org/services.html,,"{Saturday: {open: ""13:30"", close: ""14:30""}}",
"[""meal""]","Preparing hot breakfast sandwiches and bag lunches,  ask guests to line up 6 feet apart","400 E Pike St, Seattle, WA 98122",47.6142392,122.3263239,206-322-7411,http://www.firstcovenantseattle.org/outreach,,"{Saturday: {open: ""09:00"", close: ""09:30""}}",
"[""meal""]","Reopened November 15, providing ToGo Meals only, from Denny Way entrance to church.","180 Denny Way, Seattle, WA 98109",47.6188068,122.3531962,206-622-7278,http://www.firstchurchseattle.org/sharedbreakfast/?fbclid=IwAR2EAykPB90700TuZeuY3aX18yx3tXkg9lbCW8qVghb3RgTCJJnwkB7wQ,,"{Sunday: {open: ""07:30"", close: ""09:00""}}",
"[""meal""]",Free vegetarian meal,"Occidental Ave S and S Main St, Seattle, WA 98104",47.6000475,122.3328885,206-397-6815,http://www.seattlefoodnotbombs.org/?fbclid=IwAR3T68e9asOm5ksmU_CuHK8ppZZir1QFQBRn_HbSvUCNvhDb7sGxeFXhr_g,,"{Sunday: {open: ""16:30"", close: ""19:30""}}",
"[""meal""]",Free vegetarian meal,"450 3rd Ave, Seattle, WA 98104",47.60264944,122.3305588,206-397-6815,http://www.seattlefoodnotbombs.org/?fbclid=IwAR3T68e9asOm5ksmU_CuHK8ppZZir1QFQBRn_HbSvUCNvhDb7sGxeFXhr_g,,"{Saturday: {open: ""16:30"", close: ""18:30""}}",
"[""meal""]",Free grab and go meal for people economically impacted by Covid19.,"6412 Latona Avenue NE, Seattle, WA 98115",47.6756763,122.3252185,206-523-6654,http://www.frelardtamales.com/,,"{Monday: {open: ""11:00"", close: ""20:00""}, Tuesday: {open: ""11:00"", close: ""20:00""}, Wednesday: {open: ""11:00"", close: ""12:00""}, Thursday: {open: ""11:00"", close: ""12:00""}, Friday: {open: ""11:00"", close: ""12:00""}, Saturday: {open: ""10:00"", close: ""17:00""}, Sunday: {open: ""10:00"", close: ""17:00""}}",
"[""meal""]",Boxed dinner,"318 3rd Ave S, Kent, WA 98032",47.3790708,122.2357517,253-859-0444,http://www.holyspiritkent.org/,,"{Tuesday: {open: ""18:30"", close: ""19:00""}}",
"[""meal""]","Summer program ends 8/27
Site provides free take home meals for kids and teens 18 and younger. A weeks' supply of breakfasts available on Mondays. Free meals also available for parents.","11050 8th Ave NE, Seattle, WA 98125",47.710233,122.3201755,206-538-6567,http://www.hungerintervention.org/,,"{Monday: {open: ""12:00"", close: ""12:30""}, Tuesday: {open: ""12:00"", close: ""12:30""}, Wednesday: {open: ""12:00"", close: ""12:30""}, Thursday: {open: ""12:00"", close: ""12:30""}, Friday: {open: ""12:00"", close: ""12:30""}}",
"[""meal""]","Summer program ends 8/27
Site provides free take home meals for kids and teens 18 and younger. A weeks' supply of breakfasts available on Mondays. Free meals also available for parents.","1333 North 125th St, Seattle, WA 98133",47.718835,122.340947,206-538-6567,http://www.hungerintervention.org/,,"{Monday: {open: ""12:00"", close: ""12:30""}, Tuesday: {open: ""12:00"", close: ""12:30""}, Wednesday: {open: ""12:00"", close: ""12:30""}, Thursday: {open: ""12:00"", close: ""12:30""}, Friday: {open: ""12:00"", close: ""12:30""}}",
"[""meal""]","Summer program ends 8/27
Site provides free take home meals for kids and teens 18 and younger. A weeks' supply of breakfasts available on Mondays. Free meals also available for parents.","12526 33rd Ave NE, Seattle, WA 98125",47.720291,122.291805,206-538-6567,http://www.hungerintervention.org/,,"{Monday: {open: ""13:00"", close: ""13:30""}, Tuesday: {open: ""13:00"", close: ""13:30""}, Wednesday: {open: ""13:00"", close: ""13:30""}, Thursday: {open: ""13:00"", close: ""13:30""}, Friday: {open: ""13:00"", close: ""13:30""}}",
"[""meal""]","Summer program ends 8/27
Site provides free take home meals for kids and teens 18 and younger. A weeks' supply of breakfasts available on Mondays. Free meals also available for parents.","14374 30th Ave NE, Seattle, WA 98125",47.733508,122.29595,206-538-6567,http://www.hungerintervention.org/,,"{Monday: {open: ""13:00"", close: ""13:30""}, Tuesday: {open: ""13:00"", close: ""13:30""}, Wednesday: {open: ""13:00"", close: ""13:30""}, Thursday: {open: ""13:00"", close: ""13:30""}, Friday: {open: ""13:00"", close: ""13:30""}}",
"[""meal""]","Summer program ends 8/27
Site provides free take home meals for kids and teens 18 and younger. A weeks' supply of breakfasts available on Mondays. Free meals also available for parents.","15300 8th Ave NE, Shoreline, WA 98155",47.7402967,122.319751,206-538-6567,http://www.hungerintervention.org/,,"{Monday: {open: ""11:30"", close: ""12:30""}, Tuesday: {open: ""11:00"", close: ""12:30""}, Wednesday: {open: ""11:00"", close: ""12:30""}, Thursday: {open: ""11:00"", close: ""12:30""}, Friday: {open: ""11:00"", close: ""12:30""}}",
"[""meal""]","Summer program ends 8/27
Site provides free take home meals for kids and teens 18 and younger. A weeks' supply of breakfasts available on Mondays. Free meals also available for parents.","345 NE 175th St, Shoreline, WA 98155",47.7555883,122.3248143,206-538-6567,http://www.hungerintervention.org/,,"{Monday: {open: ""13:00"", close: ""14:00""}, Tuesday: {open: ""13:00"", close: ""14:00""}, Wednesday: {open: ""13:00"", close: ""14:00""}, Thursday: {open: ""13:00"", close: ""14:00""}, Friday: {open: ""13:00"", close: ""14:00""}}",
"[""meal""]","Summer program ends 8/27
Site provides free take home meals for kids and teens 18 and younger. A weeks' supply of breakfasts available on Mondays. Free meals also available for parents.","816 NE 190th St, Shoreline, WA 98155",47.767272,122.3208429,206-538-6567,http://www.hungerintervention.org/,,"{Monday: {open: ""11:30"", close: ""12:30""}, Tuesday: {open: ""11:30"", close: ""12:30""}, Wednesday: {open: ""11:30"", close: ""12:30""}, Thursday: {open: ""11:30"", close: ""12:30""}, Friday: {open: ""11:30"", close: ""12:30""}}",
"[""meal""]",Site provides free take home meals for kids and teens 18 and younger. Free meals also available for parents.,"12531 28th Ave NE, Seattle, WA 98125",,,206-538-6567,http://www.hungerintervention.org/,,"{Thursday: {open: ""15:30"", close: ""18:30""}}",
"[""meal""]",,"2515 Western Ave, Seattle, WA 98121",47.6140051,122.3503064,206-922-2015,http://www.oslserves.org/,,"{Monday: {open: ""08:00"", close: ""18:30""}, Tuesday: {open: ""08:00"", close: ""18:30""}, Wednesday: {open: ""08:00"", close: ""18:30""}, Thursday: {open: ""08:00"", close: ""18:30""}, Friday: {open: ""08:00"", close: ""18:30""}, Saturday: {open: ""10:00"", close: ""18:30""}, Sunday: {open: ""10:00"", close: ""18:30""}}",
"[""meal""]",Contact agency for any eligibility requirements,"2022 Boren Ave, Seattle, WA 98121",47.618348,122.3346308,206-374-8731,http://www.recoverycafe.org/,,"{Monday: {open: ""12:30"", close: ""14:30""}, Tuesday: {open: ""12:30"", close: ""14:30""}, Wednesday: {open: ""12:30"", close: ""14:30""}, Thursday: {open: ""12:30"", close: ""14:30""}, Friday: {open: ""12:30"", close: ""14:30""}, Saturday: {open: ""12:30"", close: ""14:30""}, Sunday: {open: ""10:30"", close: ""12:30""}}",
"[""meal""]","Contact agency for any eligibility requirements.
Friday Feast is hosted by Chapel on The Ave Fridays 5:307:00PM. ToGo meals served from the alley entrance behind the church. From the corner of 42nd and University Way, head east toward UW Campus. Take a right into the alley near Orange King and the Chapel garage will be on your right near a large gate.","1415 NE 43rd St, Seattle, WA 98105",47.6592588,122.3124319,206-632-1635,http://www.rootsinfo.org/,,"{Friday: {open: ""17:30"", close: ""19:00""}}",
"[""food bank""]","Our paywhatyoucan farm stand supports our goal of ensuring that everyone in the community has fair, equal, and dignified access to local, fresh, seasonal, organic, and sustainablygrown food. We offer those in need up to $20 of produce at nocost per visit. Donations are encouraged for produce, but no one is turned away for inability to pay. We accept cash, credit, EBT, Fresh Bucks and offer SNAP Market Match. Open for 2021 season June 17September 30.","5513 S Cloverdale St, Seattle, WA 98118",47.5261434,122.2624573,,http://tilthalliance.square.site/,"{Thursday: {open: ""14:00"", close: ""19:00""}}",,
"[""food bank"", ""meal""]",Emergency Food and Meal Delivery: Call Jo Pullen (206)7742420,"919 S King St, Seattle, WA 98104",47.5982137,122.320193,206-774-2420,http://www.acrs.org/services/agingservicesforolderadults/acrsfoodbank/,"{Wednesday: {open: ""11:30"", close: ""13:00""}, Friday: {open: ""11:30"", close: ""13:00""}}","{Wednesday: {open: ""11:30"", close: ""13:00""}, Friday: {open: ""11:30"", close: ""13:00""}}",
"[""meal""]",,"93 Pike St, Seattle, WA 98101",47.608632,122.3401409,206-829-9525,http://www.atriumkitchenpikeplace.com/,,"{Wednesday: {open: ""11:30"", close: ""13:00""}}",
"[""food bank"", ""meal""]",Distributing prepacked boxes or bags,"4016 S 352nd St, Auburn, WA 98001",47.2868994,122.2841789,253-838-3604,http://www.federalwayseniorcenter.org/,"{Monday: {open: ""09:00"", close: ""12:00""}, Thursday: {open: ""09:00"", close: ""12:00""}}","{Monday: {open: ""09:00"", close: ""12:00""}, Thursday: {open: ""09:00"", close: ""12:00""}}",
"[""food bank"", ""meal""]","Food Bank: The front doors are locked to minimize foot traffic: please knock or call when you arrive

Meals: Take out only, please call to order a meal the day before 3608861011.","31605 3rd Ave, Black Diamond, WA 98010",47.3183476,122.0054494,360-886-1011,http://www.blackdiamondcommcenter.org/,"{Monday: {open: ""10:00"", close: ""15:00""}, Wednesday: {open: ""10:00"", close: ""15:00""}}","{Tuesday: {open: ""12:00"", close: ""12:30""}, Thursday: {open: ""12:00"", close: ""12:30""}}",
"[""meal""]",Foodbank box for Kirkland residents ONLY. Call 425-2074777,"352 Kirkland Ave, Kirkland, WA 98033",47.67621,122.201035,425-587-3360,http://www.kirklandwa.gov/depart/parks/About_Parks_and_Community_Services/Senior_Services.htm,,"{Tuesday: {open: ""12:00"", close: ""12:30""}, Wednesday: {open: ""12:00"", close: ""12:30""}, Friday: {open: ""12:00"", close: ""12:30""}}",
"[""food bank"", ""meal""]","Only delivering meals on Tuesdays Each delivery contains 7 frozen meals Please call ahead.

Instead of our usual ‘grocery store style’ shopping experience, we have set up a ‘drivethrough’ (or walk through) operation. Customers can drive or walk through the alley and we will hand them a prepacked allotment of food.","1350 Cole St, Enumclaw, WA 98022",47.2020157,121.991691,360-825-6188,http://www.plateauoutreach.org/,"{Wednesday: {open: ""09:00"", close: ""12:00""}}","{Tuesday: {open: ""11:00"", close: ""13:00""}}",
"[""food bank""]",,"18737 68th Ave NE, Kenmore, WA 98028",47.765377,122.2498724,425-939-1377,http://cpnorthshore.com/foodbank/,"{Monday: {open: ""18:00"", close: ""19:00""}}",,
"[""food bank""]","For those who need help in the cities of Des Moines, most of SeaTac, and the West Hill of Kent, Washington.

Families can visit once a month and receive a mix of canned, fresh, and frozen food.","22225 9th Avenue South, Des Moines, WA 98198",47.4022373,122.3224371,206-878-2660,http://www.myfoodbank.org/,"{Monday: {open: ""08:30"", close: ""11:45""}, Wednesday: {open: ""08:30"", close: ""11:45""}, Friday: {open: ""08:30"", close: ""11:45""}}",,
"[""food bank"", ""meal""]","Food Bank: Note specific Senior Times and visit one time a week

Meals: Please call ahead limited bag lunches available","2524 16th Ave S, Seattle, WA 98144",47.5805157,122.3113797,206-957-4605,https://www.elcentrodelaraza.org/gethelp/humanemergencyservices/foodbank/,"{Wednesday: {open: ""15:30"", close: ""18:30""}, Thursday: {open: ""10:00"", close: ""16:00""}, Friday: {open: ""10:00"", close: ""16:00""}}

","{Monday: {open: ""11:00"", close: ""12:30""}, Tuesday: {open: ""11:00"", close: ""12:30""}, Wednesday: {open: ""11:00"", close: ""12:30""}, Thursday: {open: ""11:00"", close: ""12:30""}, Friday: {open: ""11:00"", close: ""12:30""}}",
"[""food bank"", ""meal""]","Lunch and packed food items are delivered to homes of seniors and their families or are made available through curbside pickup at the Filipino Community Center.

Senior Lunch Program participants must call ONE DAY AHEAD in order to reserve a lunch and/or food bank bag to pick up. This change does not apply to those who have their lunches delivered. 

If you know any seniors needing food in this time of crisis, please call 2062808406.","5740 Martin Luther King Jr Way S, Seattle, WA 98144",47.5500465,122.2871358,206-722-9372,http://filcommsea.org/index.php/programs/seniorlunchprogram/,"{Monday: {open: ""11:30"", close: ""13:00""}, Tuesday: {open: ""11:30"", close: ""13:00""}, Thursday: {open: ""11:30"", close: ""13:00""}}","{Monday: {open: ""11:30"", close: ""13:00""}, Tuesday: {open: ""11:30"", close: ""13:00""}, Thursday: {open: ""11:30"", close: ""13:00""}}",
"[""food bank"", ""meal""]",Delivery drivers will no longer enter client homes and are staying a safe distance from clients,"1161 11th Ave, Seattle, WA 98122",47.6127314,122.3184037,206-957-1686,http://www.lifelong.org/chickensoupbrigade,Home Delivery only,Home Delivery only,
"[""food bank"", ""meal""]","Wednesday Food Bank (910am), Sunday Community Grab and Go Meal (23pm)","410 H St  NE Auburn, WA 98002",47.3116212,122.2190892,253-833-5280,http://mlcauburn.org/events/month/,"{Wednesday: {open: ""09:00"", close: ""10:00""}, Sunday: {open: ""14:00"", close: ""15:00""}}","{Wednesday: {open: ""09:00"", close: ""10:00""}, Sunday: {open: ""14:00"", close: ""15:00""}}",
"[""food bank""]","If you are in need of food but feel uncomfortable waiting in line, we are now offering curbside pickup services. Please drive up to the front of our building and call 2063800277. Let our staff member know which car is yours, and we will then deliver a bag of prepacked groceries to your car.","1915 4th Ave S, Seattle, WA 98134",47.5855714,122.3295651,206-380-0277,http://www.northwestharvest.org/sodocommunitymarket?gclid=CjwKCAjwguzzBRBiEiwAgU0FT2oeYOjgOqTnfdpq8cCoSRynhQyJnFA4Xuzmhtt749Xzpz19jAZRoCaTUQAvD_BwE,"{Monday: {open: ""13:30"", close: ""19:30""}, Wednesday: {open: ""08:00"", close: ""14:00""}, Friday: {open: ""08:00"", close: ""14:00""}}",,
"[""food bank""]","Drivethru grocery pick up. In addition to providing free groceries on a weekly basis, families get diapers and baby formula, household furniture, etc. may also be available.","33415 Military Rd S, Auburn, WA 98001",47.3011166,122.2763197,253-886-5700,http://overcomercc.org,"{Friday: {open: ""15:00"", close: ""17:00""}}",,
"[""meal""]","No eligibility requirements,
To go prepared meals","5515 Phinney Ave N, Seattle, WA 98103",47.6688384,122.354731,206-783-2244,http://www.phinneycenter.org/hotmeal/,,"{Tuesday: {open: ""16:00"", close: ""18:00""}, Wednesday: {open: ""11:00"", close: ""13:00""}}",
"[""meal""]","No eligibility requirements,
To go prepared meals","525 N 85th St, Seattle, WA 98103",47.6904002,122.3509931,206-297-0875,http://www.phinneycenter.org/hotmeal/,,"{Monday: {open: ""16:00"", close: ""18:00""}, Tuesday: {open: ""16:00"", close: ""18:00""}, Wednesday: {open: ""11:00"", close: ""13:00""}}",
"[""food bank""]",,"7500 Greenwood Ave N, Seattle, WA 98103",47.6835063,122.3547797,206-783-2350,http://prlc.org/phinneyridgelutheranchurchfoodbank,"{Tuesday: {open: ""13:15"", close: ""15:00""}, Wednesday: {open: ""18:15"", close: ""20:00""}}",,
"[""food bank"", ""meal""]","Food Banks: Prepackaged grocery bags pick up out front for social distancing.

Meals: Please call ahead for availability

Dinner is handed out with lunch.","85 Pike Street, Seattle, WA 98101",47.6084268,122.3405616,206-728-2773,http://www.pmscfb.org/,"{Tuesday: {open: ""09:30"", close: ""15:00""}, Wednesday: {open: ""15:00"", close: ""19:00""}, Thursday: {open: ""09:30"", close: ""15:00""}}

","{Sunday: {open: ""08:15"", close: ""13:00""}, Monday: {open: ""08:15"", close: ""13:00""}, Tuesday: {open: ""08:15"", close: ""13:00""}, Wednesday: {open: ""08:15"", close: ""13:00""}, Thursday: {open: ""08:15"", close: ""13:00""}, Friday: {open: ""08:15"", close: ""13:00""}, Saturday: {open: ""08:15"", close: ""13:00""}}",
"[""food bank""]",Plant Based Food Box Program at Good Shepherd Episcopal Church. All families must pre register every week.  Home Delivery or pick up available. Please look on website for further instructions and changes to pickup times,"345 S 312th St, Federal Way, WA 98003",47.322026,122.3303291,971-245-2907‬,http://www.plantbasedfoodshare.org,"{Sunday: {open: ""12:00"", close: ""14:00""}}",,
"[""food bank""]",Plant Based Food Box Program  A weeks of fresh food for families to prepare together . All families must pre register every week. Delivery or pick up available. Please look on website for further instructions and changes to pickup times.,"7148 Martin Luther King Jr Way S, Seattle, WA 98118",47.5374953,122.2809353,971-245-2907‬,http://www.plantbasedfoodshare.org,"{Monday: {open: ""12:00"", close: ""13:30""}, Sunday: {open: ""02:00"", close: ""13:30""}}",,
"[""food bank""]",Food delivery and togo food bag for persons without access to a kitchen and in need of preprepared foods. Must sign up on the waitlist for food delivery: docs.google.com/forms/d/e/1FAIpQLSc2Z4G8Frfb6W6jfcDxIgeqR4YX6zLnnnJj8jEhchU1sFGcA/viewform,"4205 Rainier Ave S
Seattle, WA 98118",47.56538233,122.2888973,206-723-4105,http://www.rvfb.org/whatwedo/,"{Wednesday: {open: ""10:00"", close: ""13:00""}, Saturday: {open: ""09:30"", close: ""14:00""}}",,
"[""food bank"", ""meal""]","Food Bank: Bring local ID
Meals: Please call ahead for availability","1265 S Main St, Seattle, WA 98144",47.599789,122.3144483,206-329-8700,http://www.seattleindian.org/services/foodsecurityprograms/,"{Tuesday: {open: ""13:00"", close: ""15:00""}, Thursday: {open: ""13:00"", close: ""15:00""}}","{Monday: {open: ""08:30"", close: ""13:15""}, Tuesday: {open: ""08:30"", close: ""13:15""}, Wednesday: {open: ""08:30"", close: ""13:15""}, Thursday: {open: ""08:30"", close: ""13:15""}, Friday: {open: ""08:30"", close: ""13:15""}}",
"[""food bank""]",Prepackaged grocery bags of perishable and nonperishable items can be picked up out front. Clothing and hygiene items available upon request.,"5972 4th Ave S, Seattle, WA 98108",47.5486194,122.3291318,206-686-5260,http://www.svdpseattle.org/gethelp/foodbank/,"{Tuesday: {open: ""11:00"", close: ""14:00""}, Thursday: {open: ""11:00"", close: ""14:00""}, Friday: {open: ""11:00"", close: ""14:00""}}",,
"[""food bank"", ""meal""]","Please call ahead for availability and please visit the website for virtual activities www.spseniors.org

For Food Bank Home Delivery by Providence Regina House call (206)7639204.","8201 10th Ave S, Seattle, WA 98108",47.5296153,122.320528,206-727-6248,http://www.soundgenerations.org/ourprograms/foodsecurity/communitydining/,"{Thursday: {open: ""12:30"", close: ""14:00""}, Saturday: {open: ""09:00"", close: ""12:00""}}",Call for meal information,
"[""food bank"", ""meal""]",Meals and food bags are also being delivered to seniors in their homescall (206)9324044 ext. 1,"4217 SW Oregon St, Seattle, WA 98116",47.5626975,122.3864553,206-727-6248,http://scws.org/services/foodanddining/,"{Tuesday: {open: ""09:00"", close: ""10:00""}}","{Monday: {open: ""11:45"", close: ""12:30""}, Tuesday: {open: ""11:45"", close: ""12:30""}, Wednesday: {open: ""11:45"", close: ""12:30""}, Thursday: {open: ""11:45"", close: ""12:30""}}",
"[""food bank"", ""meal""]",Please call ahead for availability,"10201 E Riverside Dr, Bothell, WA 98011",47.7560448,122.2026247,425-487-2441,http://www.northshoreseniorcenter.org/programsservices/,"{Tuesday: {open: ""09:00"", close: ""12:00""}, Thursday: {open: ""15:00"", close: ""18:00""}, Saturday: {open: ""09:00"", close: ""12:00""}}
","{Monday: {open: ""11:45"", close: ""12:15""}, Tuesday: {open: ""11:45"", close: ""12:15""}, Wednesday: {open: ""11:45"", close: ""12:15""}, Thursday: {open: ""11:45"", close: ""12:15""}, Friday: {open: ""11:45"", close: ""12:15""}}",
"[""meal""]","Togo only; guests may not arrive before 7am, and may not stay onsite after receiving a meal","907 Columbia St , Seattle, WA 98104",47.6069023,122.3255728,206-6223-559,http://www.stjamescathedral.org/outreach/kitchen.aspx,,"{Sunday: {open: ""07:00"", close: ""08:00""}, Monday: {open: ""16:15"", close: ""18:30""}}",
"[""meal""]","FREE delivery of up to seven frozen meals each Wednesday during the Covid19 Stay Home, Stay Safe mandate. Halal meals available. For seniors 60 and older
Residents have about 15 meal choices and can get 7 meals per person per week
Staff will call residents on Monday's to get their orders
If we think residents can qualify for the regular Meals on Wheels program, we try to get them signed up for that program.","12424 42nd Avenue South, Tukwila, WA 98168",47.491773,122.279205,206-767-2321,http://www.tukwilablog.com/2020/04/10/tukwilaparksrecofferingfreedeliveriesofmealstoseniors/,,"{Wednesday: {open: ""10:30"", close: ""12:00""}}",
"[""food bank""]",The Urban Fresh Food Collective also hosts a weekly free market (El Mercadito),"1249 S Cloverdale St, Seattle, WA 98108",47.5263392,122.3154219,,http://www.urbanfreshfoodcollective.org/elmercadito,"{Thursday: {open: ""10:30"", close: ""12:00""}}",,
"[""meal""]",Phone number listed accepts texts in English and Spanish,"8319 8th Ave S, Seattle, WA 98108",47.5284221,122.3240431,206-809-9691,http://www.urbanfreshfoodcollective.org/covid19,,"{Monday: {open: ""15:00"", close: ""16:30""}, Wednesday: {open: ""15:00"", close: ""16:30""}, Thursday: {open: ""15:00"", close: ""16:30""}}",
"[""meal""]","Y branches are closed but housing, shelter, and counseling services continuing w/ social distancing practices","5003 12th Ave NE, Seattle, WA 98105",47.6653128,122.3155223,206-524-1400,http://www.seattleymca.org/locations/universityfamilyymca/staffandboard,,Please contact agency for more information.,
"[""meal""]",The drop in center has also converted into an overnight shelter during the stayathome order,"1828 Yale Ave, Seattle, WA 98101",47.6182683,122.3305192,206-622-5555,http://www.youthcare.org/homelessyouthservices/engagementservices/youthcaresorioncenter/,,"{Monday: {open: ""13:00"", close: ""18:30""}, Tuesday: {open: ""13:00"", close: ""18:30""}, Wednesday: {open: ""13:00"", close: ""18:30""}, Thursday: {open: ""13:00"", close: ""18:30""}, Friday: {open: ""13:00"", close: ""18:30""}}",
"[""meal""]","Only offers day services and is too small to support an overnight shelter UDYC has partnered with ROOTS Young Adult Shelter, University Congregational Church, and Teen Feed in the University District so that young people can have consistent meals and additional activity space during the day and shelter at night","4516 15th Ave NE, Seattle, WA 98105",47.661853,122.311609,206-622-5555,http://www.youthcare.org/gethelp/,,"{Monday: {open: ""10:00"", close: ""14:00""}, Tuesday: {open: ""12:00"", close: ""15:00""}, Wednesday: {open: ""10:00"", close: ""14:00""}, Thursday: {open: ""10:00"", close: ""14:00""}, Sunday: {open: ""10:00"", close: ""14:00""}}",
"[""food bank""]",Email nhilton@ywcaworksorg to sign up for home delivery that occurs Wednesdays,"2820 E Cherry Street, Seattle, WA 98122",47.608328,122.2958409,206-375-1496,http://www.ywcaworks.org/programs/centralareafoodbank,"{Wednesday: {open: ""12:00"", close: ""15:00""}}",,
"[""meal""]",Site provides free take home meals for kids and teens 18 and younger. A weeks' supply of breakfasts available on Mondays. Free meals also available for parents. Call: (206)5386567 for more information.,"12531 28th Ave NE, Seattle, WA 98125",47.7203524,122.2981048,206-538-6567,http://www.hungerintervention.org/,,"{Monday: {open: ""12:30"", close: ""13:30""}, Wednesday: {open: ""12:30"", close: ""13:30""}, Friday: {open: ""12:30"", close: ""13:30""}}",
"[""food bank""]",Distributing prepacked boxes or bags,"603 3rd Ave SE, Pacific, WA 98047",47.265011,122.236771,253-351-0450,http://networks.whyhunger.org/organization/view/28396,"{Tuesday: {open: ""10:00"", close: ""13:00""}}",,
"[""food bank""]","Serves residents of residents of Auburn School District; proof of address and ID required.

Curbside/car drop off for existing clients; if new client, application will need to be filled out quickly inside.","930 18th Place NE, Auburn, WA 98002",47.323724,122.218286,253-833-8925,http://www.theauburnfoodbank.org/,"{Monday: {open: ""09:00"", close: ""13:00""}, Tuesday: {open: ""09:00"", close: ""13:00""}, Thursday: {open: ""09:00"", close: ""13:00""}, Friday: {open: ""09:00"", close: ""13:00""}}",,
"[""food bank""]",Food bank services will remain open,"10510 Stone Ave N, Seattle, WA 98133",47.7052676,122.3416573,206-552-9586,http://www.epiclifechurch.org/incarnationalministry,"{Monday: {open: ""09:30"", close: ""12:45""}}",,
"[""food bank""]",,"4326 337th Place Southeast, Fall City, WA 98024",47.5662398,121.8906809,425-269-8098,http://www.fallcityfoodpantry.org/,"{Wednesday: {open: ""12:00"", close: ""19:30""}, Friday: {open: ""10:00"", close: ""12:00""}}",,
"[""food bank""]","Food bank available to Federal Way School District residents regardless of income.

Food will be distributed in preprepared boxes at a marked distribution point during regular food bank hours.

The Clothing Bank will be closed.","1200 S 336th St, Federal Way, WA 98003",47.3013527,122.320142,253-838-6810,http://mschelps.org/gethelp/food/,"{Monday: {open: ""09:30"", close: ""14:00""}, Wednesday: {open: ""09:30"", close: ""14:00""}, Friday: {open: ""09:30"", close: ""14:00""}}",,
"[""food bank""]",Food and clothing bank,"404 22nd St SE, Auburn, WA 98002",47.2883898,122.2238173,206-227-5977,http://www.helpnorthwest.com/1401.html,"{Monday: {open: ""13:00"", close: ""17:00""}, Tuesday: {open: ""13:00"", close: ""17:00""}, Wednesday: {open: ""13:00"", close: ""17:00""}, Thursday: {open: ""13:00"", close: ""17:00""}, Friday: {open: ""13:00"", close: ""17:00""}}",,
"[""food bank""]",We are asking our clients to wash hands when they enter the building and not to touch any thing while in the building. The food will be put in a bag or box in your cart all while asking you still which foods you would want. As you exit the building the cart will be given to you to go to your car. Please bring the cart back up to the door so that we may clean it before our next client.,"18300 4th Avenue South, Burien, WA 98148",47.4383823,122.3275755,206-433-9900,http://www.highlineareafoodbank.org/,"{Tuesday: {open: ""12:00"", close: ""02:30""}, Thursday: {open: ""10:00"", close: ""12:30""}}",,
"[""food bank""]",Need to set an appointment for services via website: www.holyinn.org/85,"26526 NE Cherry Valley Road, Duvall, WA 98019",47.7482852,121.9818384,425-788-1400,http://www.holyinn.org/85,"{Tuesday: {open: ""15:00"", close: ""18:30""}, Wednesday: {open: ""10:00"", close: ""12:00""}}",,
"[""food bank""]",Emergency food,"12600 Renton Ave S, Seattle, WA 98178",47.4917411,122.2393177,206-722-3984,http://www.facebook.com/HolyTECSeattle/,"{Saturday: {open: ""13:00"", close: ""15:00""}}",,
"[""food bank""]","Serving zips: 98027, 98029, 98059 and 98075; ID helpful; proof of address needed

Prepacked food boxes and produce bags distributed every other week with two weeks worth of food. Drive or walk up service only outside the building (179 1st Ave SE).

Masks required for visits

Open: August 11, 13, 25, 27
September 8,10,22,24

Groceries to Go will still be delivered every week.","179 1st Ave SE, Issaquah, WA 98027",47.528687,122.0349549,425-392-4123,http://issaquahfoodbank.org/,"{Monday: {open: ""13:00"", close: ""19:00""}, Thursday: {open: ""13:00"", close: ""19:00""}}",,
"[""food bank""]","Requires: photo ID/food bank card or photo ID and piece of mail from Kent service area.

Walkup customers: prepackaged boxes distributed at east door.

Driveup customers: prepackaged boxes distributes at posted sign, please remain in your vehicle.

1 person per household will be allowed entrance into the building/office for checkin, no exceptions. All other household members, family or friends, must remain outside waiting, no matter age or reason you brought them. *During this time please leave children at home with childcare or bring a responsible person who can care for them outside while you are checking in.","515 W Harrison St, Kent, WA 9803",47.3824076,122.2386782,,http://www.kentfoodbank.org/foodbank.php,"{Wednesday: {open: ""10:00"", close: ""13:00""}, Thursday: {open: ""10:00"", close: ""11:00""}, Friday: {open: ""10:00"", close: ""13:00""}}",,
"[""food bank""]","Service area only, proof of address: Maple Valley, Black Diamond, Hobart, Tahoma SD.","21415 RentonMaple Valley Rd SE, Maple Valley, WA 98038",47.4093955,122.0395922,425-432-8633,http://maplevalleyfoodbank.org/,"{Tuesday: {open: ""10:30"", close: ""18:00""}, Wednesday: {open: ""10:30"", close: ""13:00""}}",,
"[""meal""]",Please call ahead for availability,"30819 14th Ave S, Federal Way, WA 98003",47.3256699,122.3164786,253-835-6925,http://www.itallhappenshere.org/category/news/fwccoperationnotices/,,"{Tuesday: {open: ""11:00"", close: ""13:00""}, Thursday: {open: ""11:00"", close: ""13:00""}}",
"[""food bank""]",Groceries to feed a family of 4,"930 E James St, Kent, WA 98031",47.3861959,122.2218815,253-852-5144,http://hillsidechurch.squarespace.com/local1,"{Saturday: {open: ""09:00"", close: ""12:00""}}",,
"[""meal""]",Togo ready-to-eat food available nightly.,"302 14th Ave S, Seattle, WA 98144",47.5998571,122.3137564,206-323-4359,http://www.seattlenightwatch.org/whatwedo/foodandshelter/,,"{Monday: {open: ""21:00"", close: ""21:30""}, Tuesday: {open: ""21:00"", close: ""21:30""}, Wednesday: {open: ""21:00"", close: ""21:30""}, Thursday: {open: ""21:00"", close: ""21:30""}, Friday: {open: ""21:00"", close: ""21:30""}, Saturday: {open: ""21:00"", close: ""21:30""}, Sunday: {open: ""21:00"", close: ""21:30""}}",
"[""food bank""]",,"1316 SW Holden Street, Seattle, WA 98106",47.5344477,122.3524692,206-432-7210,http://www.paradiseofpraise.org/,"{Tuesday: {open: ""10:00"", close: ""12:00""}}",,
"[""meal""]",Extended hours during COVID,"31104 SE 86th St, Preston, WA 98050",47.5236596,121.926249,425-222-5573,http://ragingrivercommunitychurch.org/ministry/foodbank/,,"{Thursday: {open: ""13:00"", close: ""16:00""}}",
"[""meal""]","Instead of our usual hot meal setup, we continue to provide togo meals. We set up Sunday afternoon from 34 as usual (on 65th and 8th Ave NE, under the I5 overpass). 
Contact ravennapopupkitchen@gmail.com for more information.","65th and 8th Ave NE, under the I5 overpass",47.675803,122.320245,None,http://www.facebook.com/pages/category/Community/RavennaPopUpKitchen498542463880219/,,"{Sunday: {open: ""15:00"", close: ""16:00""}}",
"[""food bank""]","Eligibility: You can visit one time per week, you will need to provide proof of address and your ID on your first visit, each time you come please bring your ID.

New Process: Visitors stay outdoors, volunteers stay indoors, a volunteer shows you which items are available, you decide which items to accept, fresh fruits and vegetables are prebagged, a volunteer places your selection in paper bags, the new process gets you in and out in about two minutes.","15022 BelRed Road, Bellevue, WA 98007",47.6275862,122.1394748,425-736-8132,https://www.facebook.com/RenewalFoodBank/,"{Monday: {open: ""24:00"", close: ""15:00""}, Tuesday: {open: ""16:00"", close: ""18:30""}, Wednesday: {open: ""10:00"", close: ""13:00""}}",,
"[""food bank""]",Only prebagged available,"1101 Pike Street, Seattle, WA 98101",47.6132654,122.328461,206-442-8377,http://www.seattlefoodcommittee.org/foodbankdirectory/seattlefoodbanks/salvationarmyfoodbank.html,"{Tuesday: {open: ""09:00"", close: ""15:00""}, Wednesday: {open: ""09:00"", close: ""15:00""}, Thursday: {open: ""13:00"", close: ""15:00""}}",,
"[""food bank""]",Food bank open but the Mobile Food Bank Van has been cancelled.,"122 E 3rd St, North Bend, WA 98045",47.4962806,121.783458,425-888-7832,http://www.snoqualmievalleyfoodbank.org/,"{Monday: {open: ""10:00"", close: ""13:00""}, Tuesday: {open: ""15:00"", close: ""18:30""}, Wednesday: {open: ""09:30"", close: ""16:30""}}",,
"[""food bank""]",,"13055 SE 192nd St, Renton, WA 98058",47.4292298,122.1662234,253-631-1940,http://www.ststephenslife.com/foodbank,"{Monday: {open: ""10:00"", close: ""11:45""}, Wednesday: {open: ""16:00"", close: ""17:45""}, Friday: {open: ""10:00"", close: ""11:45""}}",,
"[""food bank""]",Distributing prepacked boxes or bags,"26201 180th Ave SE, Covington, WA 98042",47.3665236,122.1027806,253-631-3038,http://www.covingtonstorehouse.org/post/covid19information,"{Monday: {open: ""16:00"", close: ""18:00""}, Friday: {open: ""10:00"", close: ""12:00""}, Saturday: {open: ""09:00"", close: ""24:00""}}",,
"[""food bank""]",For the duration of the COVID 19 Emergency all normal registration procedures are temporarily suspended until further notice.,"3118 S 140th St, Tukwila, WA 98168",47.4784931,122.2924379,206-431-8293,http://tukwilapantry.org/,"{Tuesday: {open: ""10:00"", close: ""14:00""}, Thursday: {open: ""10:00"", close: ""14:00""}, Saturday: {open: ""10:00"", close: ""14:00""}}",,
"[""food bank""]","Delivery to in town locations  Tues from 12:00  16:00

Delivery to all other island homes Thurs from 10:00  16:00","10030 SW 210th St, Vashon, WA 98070",47.4171449,122.4633388,206-463-6332,http://www.vashonfoodbank.org/,"{Wednesday: {open: ""10:00"", close: ""14:00""}, Thursday: {open: ""11:00"", close: ""17:00""}, Friday: {open: ""11:00"", close: ""14:00""}}",,
"[""meal""]","Isolated seniors may sign up by calling the Center or emailing: lunch@vashoncenter.org 

Meal on Wheels available to qualifying older adults; provides frozen meals to seniors who have difficulty shopping.","10004 SW Bank Road, Vashon, WA 98070",47.4475822,122.4620178,206-463-5173,http://www.vashoncenter.org/lunchdelivery,,"{Monday: {open: ""10:00"", close: ""14:00""}, Wednesday: {open: ""11:00"", close: ""17:00""}, Friday: {open: ""11:00"", close: ""14:00""}}",
"[""meal""]",Distributing cold/shelfstable nocook meals only for guests during Covid19,"824 108th St SW, Seattle, WA  98146",47.5068483,122.3456315,206-244-8184,http://www.voseattle.com/ministries/,,Please contact agency by phone for more information.,
"[""food bank""]",Prepackaged grocery bags for pick up,"17110 140th Ave NE, Woodinville, WA 98072",47.7520872,122.1518646,425-483-5252,http://www.woodinvillestorehouse.org,"{Tuesday: {open: ""14:30"", close: ""15:20""}, Saturday: {open: ""09:30"", close: ""10:20""}}",,
"[""meal""]",,"3455 S 148th St, Tukwila, WA 98168",47.469863,122.2871757,206-243-5024,http://www.cbsr.org/,,"{Tuesday: {open: ""12:00"", close: ""12:30""}}",